Class,Precision,Recall,F1-Score,Support
0.0,0.8627477954629872,0.9766862375605426,0.9161882222319615,64211.0
1.0,0.0,0.0,0.0,1385.0
2.0,0.5271022560796953,0.17120289303387895,0.2584584440772933,10508.0
macro avg,0.46328335051422753,0.38262971019814057,0.3915488887697516,76104.0
weighted avg,0.800702843495208,0.8476952591191002,0.8086991914761468,76104.0
