Class,Precision,Recall,F1-Score,Support
0.0,0.8621216711189447,0.9756283795365652,0.9153697138053292,64173.0
1.0,0.0,0.0,0.0,1451.0
2.0,0.5157955198161975,0.1713740458015267,0.2572697321300673,10480.0
macro avg,0.45930573031171407,0.382334141779364,0.3908798153117988,76104.0
weighted avg,0.7979931547407467,0.8462761484284663,0.8072927498784886,76104.0
