Class,Precision,Recall,F1-Score,Support
0.0,0.8607009036808464,0.9757164050909659,0.9146069224970175,64035.0
1.0,0.0,0.0,0.0,1413.0
2.0,0.52249430523918,0.17220345345345345,0.25903444381705254,10656.0
macro avg,0.46106506964000876,0.38263995284813984,0.3912137887713567,76104.0
weighted avg,0.7973652066097932,0.8450935561862715,0.8058331403791,76104.0
