Class,Precision,Recall,F1-Score,Support
0.0,0.8614023726524932,0.9756546708698773,0.9149756686546413,64078.0
1.0,0.0,0.0,0.0,1361.0
2.0,0.5250921462999717,0.17365213314580402,0.26099210822998875,10665.0
macro avg,0.4621648396508216,0.3831022680052271,0.3919892589615433,76104.0
weighted avg,0.7988679829590515,0.8458162514453905,0.8069653596437104,76104.0
