Class,Precision,Recall,F1-Score,Support
0.0,0.8609471932213648,0.9772358231326506,0.9154131352058912,64048.0
1.0,0.0,0.0,0.0,1406.0
2.0,0.537151248164464,0.17173708920187794,0.2602632515119175,10650.0
macro avg,0.4660328137952763,0.3829909707781762,0.3918921289059362,76104.0
weighted avg,0.7997294048196353,0.8464601072216966,0.8068194064999058,76104.0
