Metric,Value
Training Time,14.317651199991815
Average Prediction Time,4.7144696810888766e-08
Cross Validation,84.58096814884894
Accuracy,84.64601072216966
Precision,79.97294048196353
Recall,84.64601072216966
F1 Score,80.68194064999058
