Metric,Value
Accuracy,0.8484442342058236
Precision,0.801667792009788
Recall,0.8484442342058236
F1 Score,0.8092784208462256
