Metric,Value
Training Time,14.160718699999052
Average Prediction Time,4.98804267820045e-08
Cross Validation,84.58096814884894
Accuracy,84.50935561862714
Precision,79.73652066097931
Recall,84.50935561862714
F1 Score,80.58331403791
