Metric,Value
Training Time,28.479272599999604
Average Prediction Time,1.0340980763842193e-07
Accuracy,0.8456060128245558
Precision,0.7969247056330764
Recall,0.8456060128245558
F1 Score,0.807239439882047
