Metric,Value
Accuracy,0.8458162514453905
Precision,0.7988679829590515
Recall,0.8458162514453905
F1 Score,0.8069653596437104
