Metric,Value
Accuracy,0.8462761484284663
Precision,0.7979931547407467
Recall,0.8462761484284663
F1 Score,0.8072927498784886
