Metric,Value
Training Time,13.071733799999492
Average Prediction Time,5.061100600727899e-08
Accuracy,0.8476952591191002
Precision,0.800702843495208
Recall,0.8476952591191002
F1 Score,0.8086991914761468
