Class,Precision,Recall,F1-Score,Support
0.0,0.8734218545929473,0.8771450431741173,0.8752794895566341,64043.0
1.0,0.029765674477517417,0.03433162892622352,0.03188602442333786,1369.0
2.0,0.31227348418062495,0.29816685372240925,0.3050571742978805,10692.0
macro avg,0.40515367108369654,0.40321450860758334,0.4040742294259509,76104.0
weighted avg,0.7794088764705547,0.7806422789866498,0.7799964210120889,76104.0
