Class,Precision,Recall,F1-Score,Support
0.0,0.875562125573796,0.8773368675450223,0.8764485981308411,64135.0
1.0,0.028966425279789335,0.03138373751783167,0.030126668948990073,1402.0
2.0,0.3126937984496124,0.3053846881801836,0.308996026236415,10567.0
macro avg,0.4057407831010659,0.4047017644143458,0.40519043110541536,76104.0
weighted avg,0.7818120364256114,0.7823373278671292,0.7820670324848651,76104.0
