Class,Precision,Recall,F1-Score,Support
0.0,0.8740577254853199,0.8769199582092345,0.8754865024753246,64129.0
1.0,0.02176696542893726,0.025185185185185185,0.023351648351648352,1350.0
2.0,0.3069685386650985,0.2947764705882353,0.3007489917418859,10625.0
macro avg,0.40093107652645193,0.3989605379942183,0.3998623808562863,76104.0
weighted avg,0.7797668191460871,0.7805371596762325,0.7801305671156884,76104.0
