Class,Precision,Recall,F1-Score,Support
0.0,0.8734047189192554,0.8756260824790526,0.8745139900733203,64089.0
1.0,0.02719797596457938,0.030518097941802696,0.028762541806020066,1409.0
2.0,0.30493622821536365,0.2953045445973977,0.30004310964218994,10606.0
macro avg,0.4018463076997328,0.4004829083394177,0.4011065471738435,76104.0
weighted avg,0.7785150664275517,0.7791049090717965,0.7787962623788339,76104.0
