Class,Precision,Recall,F1-Score,Support
0.0,0.8751462033903592,0.874232746533728,0.8746892364764287,64190.0
1.0,0.029088558500323207,0.031892274982282066,0.030425963488843813,1411.0
2.0,0.30295188805827106,0.3009616300104732,0.30195347948607726,10503.0
macro avg,0.4023955499829845,0.4023622171754944,0.4023562264837833,76104.0
weighted avg,0.7804922531266049,0.7794991064858614,0.7799938310594317,76104.0
