Metric,Value
Accuracy,0.780418900452013
Precision,0.7807162037961913
Recall,0.780418900452013
F1 Score,0.7805674457085316
