Metric,Value
Accuracy,0.7791049090717965
Precision,0.7785150664275517
Recall,0.7791049090717965
F1 Score,0.7787962623788339
