Metric,Value
Training Time,0.439397000009194
Average Prediction Time,4.1118600870545085e-07
Cross Validation,78.12992746767581
Accuracy,77.94991064858614
Precision,78.04922531266048
Recall,77.94991064858614
F1 Score,77.99938310594317
