Metric,Value
Accuracy,0.9154315147692631
Precision,0.9123147588839371
Recall,0.9154315147692631
F1 Score,0.9135009814893402
