Metric,Value
Training Time,0.6953121000005922
Average Prediction Time,3.097839798156413e-07
Accuracy,0.7805371596762325
Precision,0.7797668191460871
Recall,0.7805371596762325
F1 Score,0.7801305671156884
