Metric,Value
Training Time,0.392605499999263
Average Prediction Time,1.928164091345405e-07
Accuracy,0.7823373278671292
Precision,0.7818120364256114
Recall,0.7823373278671292
F1 Score,0.7820670324848651
