Metric,Value
Training Time,0.3985685999996349
Average Prediction Time,1.7804845999385216e-07
Cross Validation,78.12519709870703
Accuracy,78.06422789866498
Precision,77.94088764705546
Recall,78.06422789866498
F1 Score,77.99964210120889
