Class,Precision,Recall,F1-Score,Support
0.0,0.8677796043308202,0.9539492132730955,0.9088264541312318,64190.0
1.0,0.03571428571428571,0.004252303330970942,0.007599746675110829,1411.0
2.0,0.4400595681310499,0.225078548986004,0.2978267716535433,10503.0
macro avg,0.4478511527253853,0.39442668853002344,0.404750990819962,76104.0
weighted avg,0.7933237583204381,0.8357510774729318,0.8077941752853925,76104.0
