Class,Precision,Recall,F1-Score,Support
0.0,0.865476745664985,0.9562637602860578,0.9086080531734964,64043.0
1.0,0.05521472392638037,0.006574141709276844,0.01174934725848564,1369.0
2.0,0.44787644787644787,0.21698466142910589,0.2923387096774194,10692.0
macro avg,0.4561893058226045,0.3932741878081469,0.4042320367031338,76104.0
weighted avg,0.7922318296064967,0.8353174603174603,0.8058939857255606,76104.0
