Class,Precision,Recall,F1-Score,Support
0.0,0.8663030388892824,0.9541106898219663,0.9080891634613957,64089.0
1.0,0.04819277108433735,0.0056777856635912,0.010158730158730159,1409.0
2.0,0.4384457313655894,0.22128983594191967,0.29412870480606557,10606.0
macro avg,0.4509805137797364,0.39369277047582574,0.4041255328087305,76104.0
weighted avg,0.791529413706198,0.834423946178913,0.8059020431389174,76104.0
