Class,Precision,Recall,F1-Score,Support
0.0,0.9406032205590461,0.9832145141413038,0.9614369613301808,64103.0
1.0,0.9312977099236641,0.5343065693430656,0.6790352504638218,1370.0
2.0,0.866923354590302,0.6777349261593453,0.7607433217189314,10631.0
macro avg,0.9129414283576707,0.7317520032145716,0.8004051778376446,76104.0
weighted avg,0.9301433340263515,0.9324608430568695,0.92831827602331,76104.0
