Class,Precision,Recall,F1-Score,Support
0.0,0.8668756115893523,0.953083339830046,0.9079377339433189,64135.0
1.0,0.031446540880503145,0.003566333808844508,0.0064061499039077515,1402.0
2.0,0.4340942562592047,0.22314753477808272,0.29476842302643913,10567.0
macro avg,0.4441388029096867,0.3932657361389911,0.40303743562455524,76104.0
weighted avg,0.7913937428451671,0.8342399873856827,0.8061913423044836,76104.0
