Metric,Value
Training Time,10.087673100000757
Average Prediction Time,1.6409944286762588e-05
Accuracy,0.8342399873856827
Precision,0.7913937428451671
Recall,0.8342399873856827
F1 Score,0.8061913423044836
