Metric,Value
Training Time,15.4002789999995
Average Prediction Time,2.5060781299283985e-05
Accuracy,0.8346079049721434
Precision,0.7923083619744
Recall,0.8346079049721434
F1 Score,0.8064653604382359
