Metric,Value
Accuracy,0.834423946178913
Precision,0.791529413706198
Recall,0.834423946178913
F1 Score,0.8059020431389174
