Metric,Value
Accuracy,0.8347261641963629
Precision,0.791563085461383
Recall,0.8347261641963629
F1 Score,0.8065542958289275
