Metric,Value
Training Time,12.849956899997778
Average Prediction Time,2.804039735104302e-05
Cross Validation,83.41296121097447
Accuracy,83.57510774729317
Precision,79.33237583204381
Recall,83.57510774729317
F1 Score,80.77941752853926
