Metric,Value
Training Time,10.176975899999888
Average Prediction Time,1.623639230528349e-05
Cross Validation,83.4169031851151
Accuracy,83.53174603174604
Precision,79.22318296064968
Recall,83.53174603174604
F1 Score,80.58939857255606
