Metric,Value
Accuracy,0.9324608430568695
Precision,0.9301433340263515
Recall,0.9324608430568695
F1 Score,0.92831827602331
