Class,Precision,Recall,F1-Score,Support
0.0,0.8634925120090421,0.9530477631024965,0.9060626051634806,64129.0
1.0,0.046153846153846156,0.0022222222222222222,0.004240282685512367,1350.0
2.0,0.39988590986879635,0.19792941176470588,0.26479476202467894,10625.0
macro avg,0.4365107560105615,0.3843997990298082,0.39169921662455726,76104.0
weighted avg,0.7842689843804729,0.8307579102281089,0.8005368644836869,76104.0
