Class,Precision,Recall,F1-Score,Support
0.0,0.8630587173302867,0.9540812348951431,0.906290267636299,64135.0
1.0,0.029411764705882353,0.0014265335235378032,0.0027210884353741495,1402.0
2.0,0.40140159626240995,0.19513580013248794,0.26260825267447785,10567.0
macro avg,0.43129069276619303,0.38354785618372295,0.39053986958205034,76104.0
weighted avg,0.7836002943051676,0.8311521076421738,0.8002696663362194,76104.0
