Class,Precision,Recall,F1-Score,Support
0.0,0.8775458248472505,0.9679110182050762,0.9205159969437788,64103.0
1.0,0.23880597014925373,0.01167883211678832,0.022268615170494086,1370.0
2.0,0.5959122445152822,0.2989370708305898,0.39814582811325483,10631.0
macro avg,0.5707546798372621,0.42617564038415146,0.4469768134091759,76104.0
weighted avg,0.8267059190151601,0.8572479764532744,0.8313759231254946,76104.0
