Class,Precision,Recall,F1-Score,Support
0.0,0.8636799503624109,0.9541517370306901,0.9066644954997631,64190.0
1.0,0.0958904109589041,0.004961020552799433,0.009433962264150943,1411.0
2.0,0.4025796365057651,0.196134437779682,0.26376440460947503,10503.0
macro avg,0.4540499992756934,0.3850823984543905,0.3932876207911297,76104.0
weighted avg,0.7858090416515061,0.8319405024703038,0.8013037794136685,76104.0
