Class,Precision,Recall,F1-Score,Support
0.0,0.8627379002654317,0.9534553511523038,0.9058309923879125,64089.0
1.0,0.05555555555555555,0.0028388928317956,0.0054017555705604325,1409.0
2.0,0.4025749423520369,0.19752970016971524,0.265022137887413,10606.0
macro avg,0.44028946605767477,0.3846079813846049,0.3920849619486287,76104.0
weighted avg,0.7836644185124926,0.8305082518658677,0.7998559647217196,76104.0
