Metric,Value
Training Time,0.028960499999811873
Average Prediction Time,4.8075458583021156e-05
Cross Validation,83.06803847366761
Accuracy,83.19405024703038
Precision,78.58090416515061
Recall,83.19405024703038
F1 Score,80.13037794136685
