Metric,Value
Accuracy,0.8325712183328078
Precision,0.7868119838590568
Recall,0.8325712183328078
F1 Score,0.8033211309962673
