Metric,Value
Accuracy,0.8572479764532744
Precision,0.8267059190151601
Recall,0.8572479764532744
F1 Score,0.8313759231254946
