Metric,Value
Training Time,0.03378489999886369
Average Prediction Time,0.00033466497818775403
Accuracy,0.8307579102281089
Precision,0.7842689843804729
Recall,0.8307579102281089
F1 Score,0.8005368644836869
