Metric,Value
Accuracy,0.8305082518658677
Precision,0.7836644185124926
Recall,0.8305082518658677
F1 Score,0.7998559647217196
