Metric,Value
Training Time,0.03380010000000766
Average Prediction Time,4.6160756333453825e-05
Cross Validation,83.06803847366761
Accuracy,83.12178072111847
Precision,78.41506013581925
Recall,83.12178072111847
F1 Score,80.01355496499528
