Metric,Value
Training Time,0.03314880000107223
Average Prediction Time,4.669852570165078e-05
Accuracy,0.8311521076421738
Precision,0.7836002943051676
Recall,0.8311521076421738
F1 Score,0.8002696663362194
