Class,Precision,Recall,F1-Score,Support
0.0,0.8626366807771327,0.974622215298333,0.9152165485359841,64190.0
1.0,0.0,0.0,0.0,1411.0
2.0,0.5115889416364144,0.1744263543749405,0.26015336552115875,10503.0
macro avg,0.4580752074711824,0.38301618989109115,0.3917899713523809,76104.0
weighted avg,0.7981954587550116,0.8461184694628403,0.8078437539234935,76104.0
