Class,Precision,Recall,F1-Score,Support
0.0,0.8617566079295155,0.9761262455363409,0.9153828718496151,64129.0
1.0,0.0,0.0,0.0,1350.0
2.0,0.5259815242494227,0.17148235294117647,0.258641493363617,10625.0
macro avg,0.4625793773929794,0.3825361994925058,0.39134145507107737,76104.0
weighted avg,0.7995919163915434,0.8464732471354988,0.8074562973803269,76104.0
