Class,Precision,Recall,F1-Score,Support
0.0,0.8624743036106014,0.9747095969439463,0.915163670433917,64135.0
1.0,0.0,0.0,0.0,1402.0
2.0,0.5205630692796025,0.17848017412699915,0.26582100070472164,10567.0
macro avg,0.461012457630068,0.38439659035698187,0.3936615570462129,76104.0
weighted avg,0.7991114713437334,0.8461973089456534,0.8081434946615954,76104.0
