Class,Precision,Recall,F1-Score,Support
0.0,0.8603269762261608,0.9769842137313992,0.9149521093807121,64043.0
1.0,0.0,0.0,0.0,1369.0
2.0,0.5303523837725792,0.1675084175084175,0.2546023171511835,10692.0
macro avg,0.4635597866662467,0.38149754374660555,0.3898514755106319,76104.0
weighted avg,0.7984921715776889,0.8456848523073689,0.8057196194161858,76104.0
