Class,Precision,Recall,F1-Score,Support
0.0,0.8606046428423993,0.9758460890324393,0.9146095349517402,64089.0
1.0,0.0,0.0,0.0,1409.0
2.0,0.5100495193708127,0.16509522911559493,0.24944796637937175,10606.0
macro avg,0.45688472073773734,0.38031377271601147,0.3880191671103707,76104.0
weighted avg,0.7958172521493401,0.8447913381688216,0.8049781301500801,76104.0
