Class,Precision,Recall,F1-Score,Support
0.0,0.8620224223893342,0.9763661607101072,0.9156383266646673,64103.0
1.0,0.0,0.0,0.0,1370.0
2.0,0.5351629502572899,0.17608879691468346,0.2649869063627999,10631.0
macro avg,0.4657284575488747,0.3841516525415969,0.39354174434248906,76104.0
weighted avg,0.8008454308132128,0.8469988436875854,0.8082655242264282,76104.0
