Metric,Value
Accuracy,0.8469988436875854
Precision,0.8008454308132128
Recall,0.8469988436875854
F1 Score,0.8082655242264282
