Metric,Value
Training Time,12.83712480000031
Average Prediction Time,5.212472405912586e-08
Accuracy,0.8461973089456534
Precision,0.7991114713437334
Recall,0.8461973089456534
F1 Score,0.8081434946615954
