Metric,Value
Training Time,13.46813550000661
Average Prediction Time,5.433354351394842e-08
Cross Validation,84.58096814884894
Accuracy,84.61184694628403
Precision,79.81954587550116
Recall,84.61184694628403
F1 Score,80.78437539234935
