Metric,Value
Training Time,14.742455199999313
Average Prediction Time,5.5161358148617405e-08
Cross Validation,84.58096814884894
Accuracy,84.56848523073688
Precision,79.84921715776889
Recall,84.56848523073688
F1 Score,80.57196194161858
