Metric,Value
Training Time,22.474925800001074
Average Prediction Time,1.0054267843699851e-07
Accuracy,0.8464732471354988
Precision,0.7995919163915434
Recall,0.8464732471354988
F1 Score,0.8074562973803269
