Metric,Value
Accuracy,0.8447913381688216
Precision,0.7958172521493401
Recall,0.8447913381688216
F1 Score,0.8049781301500801
