Metric,Value
Accuracy,0.8472353621360244
Precision,0.7997856843154805
Recall,0.8472353621360244
F1 Score,0.8089190930266794
