Class,Precision,Recall,F1-Score,Support
0.0,0.8648683074571522,0.9543062387756696,0.9073887090547322,64035.0
1.0,0.03529411764705882,0.004246284501061571,0.007580543272267846,1413.0
2.0,0.4381277240856547,0.21696696696696696,0.29021527647021905,10656.0
macro avg,0.44609671639662185,0.3918398300812327,0.4017281762657397,76104.0
weighted avg,0.7897140976047353,0.8334253127299485,0.8042662840064931,76104.0
