Class,Precision,Recall,F1-Score,Support
0.0,0.8653380702325516,0.9545497127154634,0.9077572958967772,64048.0
1.0,0.0189873417721519,0.0021337126600284497,0.0038363171355498722,1406.0
2.0,0.43531633616619453,0.2164319248826291,0.2891188460332393,10650.0
macro avg,0.4398805827236327,0.3910384500860404,0.4002374863551888,76104.0
weighted avg,0.7895247017890792,0.8336618311783874,0.8044852945934954,76104.0
