Class,Precision,Recall,F1-Score,Support
0.0,0.8683027165047167,0.9532790331874601,0.908808813267412,64211.0
1.0,0.0472972972972973,0.005054151624548736,0.0091324200913242,1385.0
2.0,0.43893059879143015,0.22811191473163303,0.3002066503851212,10508.0
macro avg,0.4515102041978147,0.39548169984788056,0.40604929458128575,76104.0
weighted avg,0.7940762012291269,0.8358956165247556,0.8084035345420363,76104.0
