Class,Precision,Recall,F1-Score,Support
0.0,0.9423398411845483,0.983793807364468,0.9626207411812242,64173.0
1.0,0.9343544857768052,0.5885596140592695,0.7221987315010571,1451.0
2.0,0.8699048083963876,0.6801526717557251,0.7634143729249223,10480.0
macro avg,0.915533045119247,0.7508353643931542,0.8160779485357347,76104.0
weighted avg,0.9322128321664079,0.9344449700409966,0.930604880314884,76104.0
