Class,Precision,Recall,F1-Score,Support
0.0,0.8663489902427955,0.9533381191672649,0.9077643212720113,64078.0
1.0,0.006289308176100629,0.0007347538574577516,0.0013157894736842105,1361.0
2.0,0.43861586600404934,0.223441162681669,0.2960616225618089,10665.0
macro avg,0.43708472147431515,0.39250467856879717,0.40171391110250143,76104.0
weighted avg,0.7910268652914264,0.8340166088510459,0.8058316274120062,76104.0
