Metric,Value
Training Time,12.831823800006532
Average Prediction Time,2.794819720375383e-05
Cross Validation,83.40941343424788
Accuracy,83.36618311783874
Precision,78.95247017890792
Recall,83.36618311783874
F1 Score,80.44852945934954
