Metric,Value
Accuracy,0.8340166088510459
Precision,0.7910268652914264
Recall,0.8340166088510459
F1 Score,0.8058316274120062
