Metric,Value
Training Time,10.162604299999657
Average Prediction Time,1.7609724850200492e-05
Cross Validation,83.43188268684956
Accuracy,83.34253127299485
Precision,78.97140976047353
Recall,83.34253127299485
F1 Score,80.42662840064932
