Metric,Value
Training Time,16.260938200000965
Average Prediction Time,2.319669136970142e-05
Accuracy,0.8356328182487123
Precision,0.7933684369814782
Recall,0.8356328182487123
F1 Score,0.8081365948614728
