Metric,Value
Accuracy,0.836237254283612
Precision,0.7929352818368869
Recall,0.836237254283612
F1 Score,0.8076598168711212
