Metric,Value
Accuracy,0.9344449700409966
Precision,0.9322128321664079
Recall,0.9344449700409966
F1 Score,0.930604880314884
