Metric,Value
Training Time,9.78675099999964
Average Prediction Time,1.6590017607499164e-05
Accuracy,0.8358956165247556
Precision,0.7940762012291269
Recall,0.8358956165247556
F1 Score,0.8084035345420363
