Class,Precision,Recall,F1-Score,Support
0.0,0.876116541177571,0.8751479289940829,0.8756319672195,64220.0
1.0,0.02727272727272727,0.02993585174625802,0.02854230377166157,1403.0
2.0,0.3084013442150744,0.306459307318004,0.307427258805513,10481.0
macro avg,0.4039302042217909,0.4038476960194483,0.4038671765988915,76104.0
weighted avg,0.7822824345567307,0.7812467150215494,0.7817627836456496,76104.0
