Class,Precision,Recall,F1-Score,Support
0.0,0.8736866755132309,0.873782163377467,0.8737344168364519,64048.0
1.0,0.031071655041217502,0.03485064011379801,0.032852832718739525,1406.0
2.0,0.3090145148968678,0.30384976525821594,0.3064103778051321,10650.0
macro avg,0.40459094848377203,0.40416085624982695,0.4043325424534412,76104.0
weighted avg,0.779099331492576,0.7785267528645012,0.7788079934821859,76104.0
