Class,Precision,Recall,F1-Score,Support
0.0,0.8745240648359675,0.8781953244483286,0.8763558497177341,64078.0
1.0,0.02448210922787194,0.028655400440852314,0.026404874746106973,1361.0
2.0,0.31778827233372686,0.30285982184716365,0.31014451005809207,10665.0
macro avg,0.4055981487991887,0.4032368489121148,0.40430174484064435,76104.0
weighted avg,0.7813030208879619,0.7823767476085357,0.7818085563506775,76104.0
