Class,Precision,Recall,F1-Score,Support
0.0,0.9463957337256345,0.9623673507549905,0.9543147208121827,64173.0
1.0,0.654833836858006,0.5975189524465886,0.6248648648648648,1451.0
2.0,0.7705795884082318,0.7002862595419848,0.73375324935013,10480.0
macro avg,0.7906030529972906,0.7533908542478546,0.7709776116757259,76104.0
weighted avg,0.9166258199854721,0.9193209292547041,0.9176607215230276,76104.0
