Class,Precision,Recall,F1-Score,Support
0.0,0.8719796655352521,0.878597641914578,0.8752761442484209,64035.0
1.0,0.029106029106029108,0.029723991507430998,0.029411764705882353,1413.0
2.0,0.3088757396449704,0.2939189189189189,0.30121177149451817,10656.0
macro avg,0.4033204780954172,0.4007468507803093,0.40196656014960713,76104.0
weighted avg,0.7774850807228725,0.780970776831704,0.7791913612625175,76104.0
