Metric,Value
Training Time,0.6857572999997501
Average Prediction Time,3.13062388295776e-07
Accuracy,0.7812467150215494
Precision,0.7822824345567307
Recall,0.7812467150215494
F1 Score,0.7817627836456496
