Metric,Value
Training Time,0.45180209999671206
Average Prediction Time,2.9680305905509186e-07
Cross Validation,78.16501103752759
Accuracy,77.85267528645012
Precision,77.9099331492576
Recall,77.85267528645012
F1 Score,77.88079934821859
