Metric,Value
Accuracy,0.7823767476085357
Precision,0.7813030208879619
Recall,0.7823767476085357
F1 Score,0.7818085563506775
