Metric,Value
Training Time,0.38356170000042766
Average Prediction Time,1.7476348155459224e-07
Accuracy,0.7827578051087984
Precision,0.7824967295915037
Recall,0.7827578051087984
F1 Score,0.7826182736792721
