Metric,Value
Training Time,0.38473639999938314
Average Prediction Time,1.8757095551852228e-07
Cross Validation,78.15673289183223
Accuracy,78.0970776831704
Precision,77.74850807228725
Recall,78.0970776831704
F1 Score,77.91913612625176
