Metric,Value
Accuracy,0.7852412488174078
Precision,0.7849668685747487
Recall,0.7852412488174078
F1 Score,0.785095641143453
