Metric,Value
Accuracy,0.9193209292547041
Precision,0.9166258199854721
Recall,0.9193209292547041
F1 Score,0.9176607215230276
