Class,Precision,Recall,F1-Score,Support
0.0,0.8623816979082921,0.9546277791656258,0.9061631603518419,64048.0
1.0,0.02631578947368421,0.001422475106685633,0.002699055330634278,1406.0
2.0,0.40885162799766034,0.19690140845070422,0.2657963115533304,10650.0
macro avg,0.4325163717932122,0.3843172209076719,0.3915528424119355,76104.0
weighted avg,0.7834685801771967,0.8309812887627457,0.7998589257338985,76104.0
