Class,Precision,Recall,F1-Score,Support
0.0,0.8645467248168692,0.9538150109000312,0.9069896572913505,64220.0
1.0,0.029411764705882353,0.0014255167498218105,0.002719238613188307,1403.0
2.0,0.39749276759884283,0.19664154183761093,0.26311757947146686,10481.0
macro avg,0.43048375237386477,0.3839606898291546,0.3909421584586686,76104.0
weighted avg,0.7848283542366389,0.8319799222117102,0.8016454619135036,76104.0
