Class,Precision,Recall,F1-Score,Support
0.0,0.8628573043392254,0.9530103935828209,0.9056959162334725,64078.0
1.0,0.06097560975609756,0.0036737692872887582,0.00693000693000693,1361.0
2.0,0.40007620499142693,0.19690576652601968,0.26391856227221316,10665.0
macro avg,0.44130303969558327,0.38452997646537646,0.3921814951452309,76104.0
weighted avg,0.7836640765079431,0.8300746347103963,0.7996860365614599,76104.0
