Class,Precision,Recall,F1-Score,Support
0.0,0.8653072176012879,0.9542757471461276,0.9076164237468894,64211.0
1.0,0.04838709677419355,0.0021660649819494585,0.00414651002073255,1385.0
2.0,0.41308089500860584,0.20555767034640274,0.2745122958632522,10508.0
macro avg,0.44225840312802905,0.38733316082482666,0.3954250765436247,76104.0
weighted avg,0.7879994733940264,0.8335698517817723,0.8037590180085316,76104.0
