Class,Precision,Recall,F1-Score,Support
0.0,0.8781735934407691,0.9680395181774266,0.9209194073217555,64173.0
1.0,0.34177215189873417,0.018607856650585803,0.03529411764705882,1451.0
2.0,0.5945127719962157,0.2998091603053435,0.39860450364732003,10480.0
macro avg,0.6048195057785729,0.42881884504445195,0.4516060095387114,76104.0
weighted avg,0.8288846743246068,0.8579181120571849,0.8321080112607591,76104.0
