Metric,Value
Training Time,0.03044190000036906
Average Prediction Time,4.7878915694327985e-05
Cross Validation,83.06803847366761
Accuracy,82.99432355723746
Precision,78.27239749421801
Recall,82.99432355723746
F1 Score,79.91088685220107
