Metric,Value
Accuracy,0.8300746347103963
Precision,0.7836640765079431
Recall,0.8300746347103963
F1 Score,0.7996860365614599
