Metric,Value
Training Time,0.029835999999704654
Average Prediction Time,4.473165799431599e-05
Accuracy,0.8335698517817723
Precision,0.7879994733940264
Recall,0.8335698517817723
F1 Score,0.8037590180085316
