Metric,Value
Accuracy,0.835054662041417
Precision,0.7891853003816771
Recall,0.835054662041417
F1 Score,0.8046649413022221
