Metric,Value
Accuracy,0.8579181120571849
Precision,0.8288846743246068
Recall,0.8579181120571849
F1 Score,0.8321080112607591
