Metric,Value
Training Time,0.028308799999649636
Average Prediction Time,0.00035028625565016206
Accuracy,0.8319799222117102
Precision,0.7848283542366389
Recall,0.8319799222117102
F1 Score,0.8016454619135036
